hotelId;deskripsi
1;Aston Inn MataramTitik awal untuk menjelajah Mataram. ASTON Inn Mataram. ASTON Inn Mataram memiliki akses mudah ke banyak tempat wisata lokal, termasuk Pantai Senggigi yang terkenal dan Pantai Kuta di Lombok Tengah. Jelajahi Taman Mayura, Taman Narmada, Candi Meru, Kota Tua Ampenan, dan kawasan perbelanjaan terkenal di kota yang semuanya berada di dekat hotel, menjadikan ASTON Inn Mataram tempat yang tepat.
2;Hotel yang strategis dan mewah persembahan Archipelago di Gili TrawanganASTON Sunset Beach Resort terletak di Gili Trawangan, pulau indah yang terletak di lepas pantai Lombok. Yang terbesar dari 3 pulau Gili, Gili Meno dan Gili Air hanya berjarak 15 menit menggunakan perahu, Gili Trawangan dapat dicapai dari Lombok dalam 30 menit atau Bali dalam satu jam sehingga menjadikannya tujuan liburan yang sangat populer.
3;Akomodasi yang Cocok Untuk Bisnis Dan Bersantai di Lombokfavehotel Langko Mataram adalah hotel budget trendi yang terletak di area Mataram yang populer. Terletak hanya 10 menit dari Islamic Center, Pusat Perbelanjaan Epicentrum dan area sejarah budaya (candi Mayura, Lingsar dan Narmada). Buatlah pilihan yang pintar dan pesan kamar anda dengan nilai yang terjangkau.
4;Akomodasi yang nyaman dan modern di Mataram Lombok.Akomodasi yang tak kalah nyamanu. Sunwood Hotel Arianz Mataram sebuah penginapan yang luar biasa berlokasi strategis. Pilihan yang fantastis untuk mendapatkan pengalaman yang tidak terlupakan. Nikmati layanan professional, penuh perhatian, dan ramah demi kenyamanan Anda selama menginap.
5;Sebuah Akomodasi Mewah Persembahan Grup Santika di Mataram - LombokHotel Santika Lombok adalah pilihan yang sempurna untuk istirahat akhir pekan bersama keluarga atau ketika melakukan perjalanan binis ke Lombok. Dengan lokasi yang ideal di jantung kota Lombok, Mataram, hanya berjarak jalan kaki dari kantor-kantor pemerintah, serta Mataram Mall, kompleks perbelanjaan utama di Lombok. Pantai Sengigi berjarak hanya 15 menit berkendara.
6;Sebuah Resort yang Nyaman, Lengkap, dan Terjangkau di Gili TrawanganTerletak di Pulau Gili Trawangan, Trawangan Oasis Hotel menyediakan pelayanan yang ramah dan fasilitas modern. Kami menjamin masa menginap yang menyenangkan bagi para tamu dengan layanan kami yang personal dan berbagai macam fasilitas modern yang tersedia di hotel kami.
7;Resor yang Mewah dan Nyaman di LombokHoliday Resort Lombok adalah sebuah resor yang tenang terletak di antara pegunungan tropis yang subur dan pantai-pantai yang murni. Akomodasi termasuk Taman chalets, gratis, bungalow dan apartemen keluarga. Kolam Renang, yang dikelilingi oleh taman berlanskap, spa, Restoran gourmet dan sebuah bar yang nyaman memastikan pengalaman liburan yang tak terlupakan.
8;Sebuah Hotel yang Nyaman, Lengkap, dan Terjangkau di Mataram, LombokTerletak secara strategis di tengah kota Mataram, Idoop Hotel Lombok menyediakan pelayanan yang ramah dan fasilitas modern. Kami menjamin masa menginap yang menyenangkan bagi para tamu dengan layanan kami yang personal dan berbagai macam fasilitas modern yang tersedia di hotel kami.
9;Suasana yang menyenangkan untuk hidup di hotel MataramTerletak di jalan Senggigi, Kebun Villa dan Resort berjarak hanya selemparan batu dari pantai yang indah dan restoran utama yang berada Lombok. Dikelilingi oleh tanaman dan pepohonan, memberikan nuansa keseluruhan alam dan ketenangan. Villa ini memiliki kolam renang pribadi sendiri dan berbagai fasilitas dan layanan untuk memenuhi kebutuhan Anda.
10;Penginapan yang nyaman dan tenang di Lombok Timur.Hotel City yang berkonsep syariah, berada di pusat kota, perkantoran, pusat perbelanjaan, pasar tradisional dan fasilitas umum lainnya. room rate dari Syariah Lombok Hotel berkisar dari 350.000 sampai 550.000 ribu rupiah. kami tunggu reservasi anda.
11;Sebuah Hotel yang Nyaman, Lengkap, dan Terjangkau di LombokTerletak di daerah selatan kota Mataram, Fortune Hotel menyediakan pelayanan yang ramah dan fasilitas modern. Kami menjamin masa menginap yang menyenangkan bagi para tamu dengan layanan kami yang personal dan berbagai macam fasilitas modern yang tersedia di hotel kami.
12;SPOT ON 2732 Sandy Guesthouse is located in the heart of the business area of MataramSPOT ON 2732 Sandy Guesthouse is located in the heart of the business area of Mataram which is safe, comfortable, away from the noise of city and suitable for businessman and expatriates.
13;Pilihan akomodasi yang ideal untuk Pasangan, Backpacker dan Liburan Keluarga.Kamar dirancang demi kenyamanan anda selama menginap. Dilengkapi fasilitas seperti AC, TV dan lain-lain.
14;Sebuah Hotel yang Nyaman, Lengkap, dan Terjangkau di LombokTerletak di tengah kota Mataram, Lombok Garden Hotel menyediakan pelayanan yang ramah dan fasilitas modern. Kami menjamin masa menginap yang menyenangkan bagi para tamu dengan layanan kami yang personal dan berbagai macam fasilitas modern yang tersedia di hotel kami.
15;Pilihan akomodasi terbaik untuk liburan AndaPrime Park Hotel & Convention Lombok merupakan penginapan dengan fasilitas dan layanan terbaik. Selain itu, kamar di penginapan ini memiliki suasana bersih dan nyaman, sehingga memberikan pengalaman menginap yang tidak terlupakan. Terletak dilokasi strategis sangat cocok untuk tempat menelusuri kota dan tempat paling populer di kota ini.
16;Pilihan akomodasi yang ideal untuk Pasangan, Backpacker ataupun Liburan Keluarga.ILLIRA Lite Praya Lombok sebuah hunian yang nyaman dan bersih. Beragam fasilitas disediakan guna menunjang kenyamanan menginap para tamu. Harga yang terjangkau bisa menjadi pilihan akomodasi perjalanan Anda.
17;Penginapan Yang Tenang Dan Nyaman di Lombok.Panfila Hotel adalah penginapan yang nyaman dan tenang berlokasi di Kuta, Pujut, Lombok Tengah. Lokasi strategis sehingga mudah untuk diakses. Kami menyediakan layanan yang ramah dan menyenangkan serta fasilitas memadai. Lingkungan aman, bersih dan tenang sehingga selama menginap terasa menyenangkan.
18;Selamat datang di Hotel terbaik kota Mataram.Hunian pilihan dan terbaik berlokasi di sentral kota Mataram, akses dekat dari toko dan restoran serta pusat bisnis lainnya. Memiliki kamar-kamar yang modern dengan desain interior trendi dilengkapi fasilitas modern seperti AC, TV, Wifi dan fasilitas lainnya. Nikmati dan rasakan pengalaman menginap yang tak terlupakan di Lombok Plaza Hotel & Convention.
19;Penginapan tenang dan nyaman di SenggigiSebuah hunian yang nyaman, bersih, dan desain yang minimalis. Central Inn Senggigi  menawarkan pelayanan yang istimewa dan fasilitas yang akan membuat pengalaman menginap Anda tidak terlupakan, seperti Wi-Fi gratis di semua kamar, TV, AC, restoran, layanan kebersihan, resepsionis yang ramah, Wi-fi di tempat umum, serta beberapa fasilitas yang lainnya.
20;|Hotel Raja Kuta Mandalika is located at premium beach location beach in kuta mandalika a gate stone  to the bright blue sea As a 4 star hotel. We are offering our guest with great service s and many facilities inside. Every amenity service and experience overflows with style luxury, beckoning you to discover every momenta your own pace, now complemented with our commitment to your health and well-being with the new safety and health protocols following WHO guidelines.|||
21;|Ideal stay option for Family Vacations, Couples and Solo Travellers||
22;|Ideal stay option for Family Vacations, Couples and Solo Travellers||
23;|All rooms are equipped with comfortable beds, wifi, air conditioning, TV, a hygiene bathroom, and high-quality and modern furnishings.|
24;|Ideal stay option for Family Vacations, Solo, and Business Travellers.|
25;|All rooms are equipped with comfortable beds, wifi, air conditioning, TV, a hygiene bathroom, and high-quality and modern furnishings.|
26;Penginapan Yang Tenang Dan Nyaman di LombokSebuah hunian yang nyaman, bersih, dan desain yang minimalis. Gili Sands Beach Club menawarkan pelayanan yang istimewa dan fasilitas yang akan membuat pengalaman menginap Anda tidak terlupakan, seperti Wi-Fi gratis di semua kamar, TV, AC, restoran, layanan kebersihan, resepsionis yang ramah, Wi-fi di tempat umum, serta beberapa fasilitas yang lainnya.
27;|All rooms are equipped with comfortable beds, wifi, air conditioning, TV, a hygiene bathroom, and high-quality and modern furnishings.|
28;|All rooms are equipped with comfortable beds, wifi, air conditioning, TV, a hygiene bathroom, and high-quality and modern furnishings.|
29;OYO 2020 Hotel Bumi Aditya is located in the heart of the business area of Lombok BaratOYO 2020 Hotel Bumi Aditya is located in the heart of the business area of Lombok Barat which is safe, comfortable, away from the noise of city and suitable for businessman and expatriates.
30;SPOT ON 1784 TNC Residence Syariah is located in the heart of the business area of MataramSPOT ON 1784 TNC Residence Syariah is located in the heart of the business area of Mataram which is safe, comfortable, away from the noise of city and suitable for businessman and expatriates.
31;|Collection O 1651 Purnama Beach Hotel is located in the heart of the business area of Lombok All rooms are equipped with comfortable beds, wifi, air conditioning, TV, hygiene bathroom and high quality and modern furnishin|
32;Hotel Islami pertama di Mataram dengan konsep arsitektur yang nyamanHotel ini memiliki kebijakan untuk tidak menerima reservasi yang dibuat oleh pasangan non-menikah dalam satu kamar. Pasangan yang sudah menikah harus memiliki dan memperlihatkan identitas diri seperti KTP suami-Istri dengan alamat yang sama / fotokopi Buku Nikah / foto-foto pernikahan pada saat registrasi (check-in).
33;Capital O 2796 Medana Bay Marina is located in the heart of the business area of North Lombok Capital O 2796 Medana Bay Marina is located in the heart of the business area of North Lombok which is safe, comfortable, away from the noise of city and suitable for businessman and expatriates.
34;OYO 3741 Mutiara Syariah 1 is located in the heart of the business area of LombokOYO 3741 Mutiara Syariah 1 is located in the heart of the business area of Lombok which is safe, comfortable, away from the noise of city and suitable for businessman and expatriates.
35;|OYO 90672 Balakosa Hotel is located in the heart of the business area of Lombok which is safe, comfortable, away from the noise of city and suitable for businessman and expatriates.All rooms are equipped with comfortable beds, wifi, air conditioning, TV, hygiene bathroom and high quality and modern furnishings.|
36;Penginapan Yang Cantik Dan Nyaman di Lombok.Lombok Mayura Hotel adalah penginapan yang nyaman dan tenang berlokasi di Mayura, Cakranegara, Mataram. Lokasi strategis sehingga mudah untuk diakses. Kami menyediakan layanan yang ramah dan menyenangkan serta fasilitas memadai. Lingkungan aman, bersih dan tenang sehingga selama menginap terasa menyenangkan.
37;Penginapan Yang Tenang Dan Nyaman di Lombok.Amarsvati Luxury Resort Condotel & Villas Malimbu Lombok sebuah hunian yang berlokasi di Malaka. Suasana ruangan yang bersih dan nyaman, cocok bagi Anda yang akan berlibur atau mengadakan kunjungan bisnis. Lokasi yang strategis sehingga mudah untuk diakses, dan harga yang terjangkau bisa menjadi pilihan akomodasi perjalanan Anda.
38;Your very own beachside retreatSet along the turquoise shores of south Lombok, Amber Resort is a beach-lover’s dream. You’ll be spoiled for choice with exquisite meals, house crafted cocktails, and lush surroundings. The crown jewel of the resort is our lounge & restaurant, where good vibes abound from dawn to dusk.Book your room now and enjoy the benefits of one hour use of bicycle.
39;Akomodasi Yang Menakjubkan di Mataram, Lombok.Fizz Hotel Lombok adalah salah satu hotel kota yang terletak di ibu kota Mataram, Lombok, jalan Majapahit no. 31. Hotel dirancang dengan arsitektur yang khas yang kuat & artistik dengan memperkenalkan konsep Mural dengan desain yang berbeda di setiap kamar.
40;"Penginapan Modern yang nyaman dan tenang.Same Hotel Lombok merupakan alah satu hotel bintang 3 plus yang terletak dipusat kota mataram, NTB yang memiliki konsep eropa klasik menjulang tinggi dengan interior yang artistik. sesuai dengan motto yaitu "" Where luxury is affordable"". beberapa hal yang bsa pengunjung dapatkan di hotel kami iyalah pemandangan kota yang indah, asri, sejuk dan nyaman."
41;"Ideal stay option for Family Vacations, Solo, and Business Travellers.Facilities available in RedDoorz Syariah near Lombok Epicentrum Mall  are; non-smoking rooms, 24 hours front desk, WiFi, LED-Tv, mineral water, toiletries, and smoking area.Couples required to present their Marital ID upon check-in."
42;Sebuah Hotel yang Nyaman di Mataram, Lombok.Dengan menawarkan pelayanan superior dan sejumlah fasilitas kepada para tamu hotel, M Hotel Lombok berkomitmen untuk memastikan penginapan Anda senyaman mungkin. Sejumlah pilihan fasilitas kelas atas seperti TV, AC, WiFi gratis di semua kamar, resepsionis 24 jam, layanan kamar 24 jam, Spa, Pijat, serta area parkir yang memadai.
43;Hotel yang Nyaman dan Terjangkau di Kota LombokTerletak di daerah yang nyaman di Lombok, dekat dengan pantai dan Bandara, Hotel Puri Senggigi adalah pilihan terbaik bagi anda yang suka berpergian seorang diri. Didesain dengan arsitektur modern dan dikelilingi oleh taman tropis, penginapan ini menawarkan kamar-kamar yang lengkap. Tersedia 2 jenis kamar: ber-AC dan dengan kipas angin.
44;0
45;|All rooms are equipped with comfortable beds, wifi, air conditioning, TV, a hygiene bathroom, and high-quality and modern furnishings.|
46;Ideal stay option for Family Vacations, Couples and Solo TravellersThe rooms are designed for your comfort during your stay. Equipped with facilities such as air conditioning, TV and others.
47;Aruna Senggigi Resort & Convention merupakn hotel bintang 4Aruna Senggigi Resort & Convention merupakan hotel bintang 4 dengan jumlah kamar 156, yang terdiri dari 13 kamar standard, 16 Kamar Superior Cottage, 116 Kamar Deluxe, 7 Kamar Deluxe Cottage,3 Kamar Suite dan 1 kamar president suite.Hotel ini memiliki konsep penggabungan antara resort dengan convention.
48;Penginapan Yang Tenang Dan Nyaman di Gili Trawangan.Rasakan kehangatan matahari Gili di Santorini Beach Resort oleh Prasanthi. Terletak di jalan utama Jalan Pantai Gili Trawangan, resor kami menawarkan suaka tepi pantai yang tenang. Memberikan relaksasi dan pengalaman yang menyenangkan bagi para wisatawan dengan 52 unit, untuk menyenangkan dan menenangkan jiwa, di mana alam memerintah suara-suara nina bobo dan lembut untuk anda tidur.
49;Inspirasi dari perpaduan sempurna antara tradisional dan Modern akomodasi LombokPuri Saron Senggigi Beach Resort terletak di lereng bukit yang menghadap pantai Senggigi di Lombok Barat. Gaya Eropa modern Puri Saron Hotel memiliki rumah-rumah kayu yang dirancang dengan perabotan kayu bambu, rotan dan kelapa. Puri Saron Senggigi Beach Resort ini memiliki berbagai fasilitas seperti kamar ber-AC, Kolam Renang, Binatu, Layanan Tiket, dan banyak lagi.
50;Hotel Panorama Mewah Bintang 4 di LombokThe Jayakarta Lombok Hotel and Spa memiliki 171 kamar untuk akomodasi mewah Anda di Lombok. Semua ruangan dilengkapi dengan telepon SLI, radio, mini bar, AC, pengering rambut, TV kabel dan fasilitas untuk membuat kopi/teh. Nikmati suasana santai dengan alam pulau Lombok yang menawan dari kursi santai di depan Jayakarta Lombok Hotel & Spa.
51;0
52;Penginapan tenang dan nyaman di Katamaran Hotel & ResortTerletak di pusat Senggigi, Katamaran Hotel & Resort adalah tempat ideal untuk menelusuri Lombok. Terletak hanya 5 km dari kehebohan pusat kota, hotel bintang 5 ini memiliki lokasi yang bagus dan menyediakan akses ke obyek wisata terbesar di kota ini. Dengan lokasinya yang strategis, hotel ini menawarkan akses mudah ke destinasi yang wajib dikunjungi di kota ini.
53;OYO 90372 Hotel Arum Jaya is located in the heart of the business area of Bali NusraOYO 90372 Hotel Arum Jaya is located in the heart of the business area of Bali Nusra Which is safe, comfortable, away from the noise of city and suitable for businessman and expatriates.
54;Lombok Astoria adalah Hotel bintang 4 di Mataram, LombokLombok Astoria (Formerly Golden Tulip Mataram Lombok) adalah hotel eksekutif yang terletak di pusat kota Lombok. Berlokasi di jalan utama Sudirman No. 40, dekat dengan pusat perbelanjaan, Bank, rumah sakit dan tujuan wisata. Untuk menuju hotel cukup 45 menit berkendara dari Bandara Internasional Lombok, 15 menit ke pantai Senggigi, dan 5 menit dari Mataram Mall.
55;Penginapan Yang Tenang Dan Nyaman di Lombok.Amaia Lombok sebuah hotel yang berlokasi di Cakranegara, Lombok Barat. Suasana ruangan yang bersih dan rapih serta fasilitas yang cukup memadai. Cocok bagi Anda yang akan berlibur atau kunjungan bisnis ke Lombok. Harga yang ekonomis bisa menjadi pilihan bagi Anda ketika Anda berlibur.
56;OYO 2848 Senaz Guesthouse is located in the heart of the business area of LombokOYO 2848 Senaz Guesthouse is located in the heart of the business area of Lombok which is safe, comfortable, away from the noise of city and suitable for businessman and expatriates.
57;Sebuah Resor Mewah Terjangkau di Pantai Senggigi, LombokTerletak di Pantai Senggigi yang indah, Svarga Resort Lombok menyediakan pelayanan yang ramah dan fasilitas modern. Kami menjamin masa menginap yang menyenangkan bagi para tamu dengan layanan kami yang personal dan berbagai macam fasilitas modern yang tersedia di hotel kami.
58;Penginapan Yang Tenang Dan Nyaman Di Gili TrawanganGili Trawangan Hotel Natya hotel, satu tempat yang tenang di pulau Lombok, tiga terbesar dari Kepulauan Gili pantai lepas laut utara Lombok. Anda dapat mencapai pulau dengan kapal cepat langsung Layanan setiap hari harga tersedia atas permintaan di samping kiri pelabuhan Benoa, Bali kira-kira 2 jam atau pelabuhan Padang Bai Bali sekitar 1 jam.
59;Akomodasi yang nyaman dan modern di MataramAkomodasi yang tak kalah nyaman dan terjangkau, Oka Homestay sebuah penginapan yang luar biasa berlokasi strategis. Pilihan yang fantastis untuk mendapatkan pengalaman yang tidak terlupakan. Nikmati layanan professional, penuh perhatian, ramah dan intim demi kenyamanan Anda selama menginap.
60;Penginapan ideal untuk berlibur dan berelaksasi.Berlokasi strategis di jantung Senggigi, Montana Premier Senggigi adalah hotel bintang 3 baru yang memiliki kamar berperabot lengkap dengan TV LED, AC, dan wifi gratis di dalam hotel. Para tamu juga dapat menikmati pijat di kamar kami atau bersantai di lounge Cilantro atau area kolam renang terbuka. Montana Premier Senggigi adalah pilihan akomodasi ketika mengunjungi Lombok.
61;|All rooms are equipped with comfortable beds, wifi, air conditioning, TV, a hygiene bathroom, and high-quality and modern furnishings.|
62;Pilihan akomodasi yang ideal untuk Pasangan, Backpacker dan Liburan Keluarga.Origin Lombok sebuah hunian yang berlokasi di Lombok. Suasana ruangan yang bersih dan nyaman, cocok bagi Anda yang akan berlibur atau mengadakan kunjungan bisnis. Lokasi yang strategis sehingga mudah untuk diakses, dan harga yang terjangkau bisa menjadi pilihan akomodasi perjalanan Anda.
63;Penginapan yang nyaman dan tenangHastina Stylish Hotel sebuah penginapan yang berlokasi di Jl. Kulintang 1 No. 3, Karang Bedil, Mataram, Lombok. Suasana ruangan yang bersih dan nyaman, cocok bagi Anda yang akan berlibur atau mengadakan kunjungan bisnis. Lokasi yang strategis sehingga mudah untuk diakses, dan harga yang terjangkau bisa menjadi pilihan akomodasi perjalanan Anda.
64;0
65;|Resor Gili Trawangan tepi laut yang indah di taman tropis. Tempat pelarian yang sepenuhnya imersif dalam suasana alami yang indah yang mudah dicapai. Terletak di sisi barat Gili Trawangan, FRii Resort Gili Trawangan menawarkan tempat yang sempurna untuk menyaksikan pemandangan matahari terbenam yang spektakuler dari pulau dan untuk menjelajahi keindahan alam Gili Trawangan, pantai yang indah dan pulau-pulau sekitarnya yang menakjubkan.|
66;Akomodasi yang nyaman dan modern di Lombok.Akomodasi yang tak kalah nyaman dan terjangkau. Norton Homestay sebuah penginapan yang luar biasa berlokasi strategis. Pilihan yang fantastis untuk mendapatkan pengalaman yang tidak terlupakan. Nikmati layanan professional, penuh perhatian, dan ramah demi kenyamanan Anda selama menginap.
67;Hotel modern yang nyaman dan tenang.Terletak di Mataram, Sriwijaya Hotel menyediakan kamar-kamar ber-AC dengan Wi-Fi gratis. Akomodasi berjarak sekitar 700 meter dari Lombok Epicentrum Mall, 12 km dari Taman Narmada dan 1,3 km dari Pura Meru. Anda dapat menikmati pemandangan kota. Kamar-kamar di hotel dilengkapi dengan TV.
68;Sebuah Hotel yang Nyaman, Lengkap, dan Terjangkau di LombokTerletak di tengah kota Mataram, Grand Hotel Lombok menyediakan pelayanan yang ramah dan fasilitas modern. Kami menjamin masa menginap yang menyenangkan bagi para tamu dengan layanan kami yang personal dan berbagai macam fasilitas modern yang tersedia di hotel kami.
69;Akomodasi yang nyaman dan modern di Mataram.Hotel yang tak kalah nyaman dan terjangkau. Pandora Hotel sebuah penginapan yang luar biasa berlokasi strategis. Pilihan yang fantastis untuk mendapatkan pengalaman yang tidak terlupakan. Nikmati layanan professional, penuh perhatian, dan ramah demi kenyamanan Anda selama menginap.
70;OYO 2544 Just-in Hotel is located in the heart of the business area of MataramOYO 2544 Just-in Hotel is located in the heart of the business area of Mataram which is safe, comfortable, away from the noise of city and suitable for businessman and expatriates.
71;Sebuah Hotel yang Nyaman, Lengkap, dan Terjangkau di LombokTerletak di tengah kota Mataram, Palapa Hotel Mataram menyediakan pelayanan yang ramah dan fasilitas modern. Kami menjamin masa menginap yang menyenangkan bagi para tamu dengan layanan kami yang personal dan berbagai macam fasilitas modern yang tersedia di hotel kami.
72;Pilihan akomodasi yang ideal untuk wisatawan yang ingin berlibur.Terletak di Mataram, berada dalam jarak 12 km dari Taman Narmada dan 1,3 km dari Kuil Meru, Puri Indah Hotel Subak menawarkan kamar-kamar. Selain menampilkan taman, hotel bintang 2 ini memiliki kamar-kamar ber-AC dengan Wi-Fi gratis, masing-masing dengan kamar mandi pribadi. Hotel ini memiliki restoran, dan Mataram Mall berjarak 1,1 km.
73;Penginapan Yang Tenang Dan Nyaman di Mataram.Narmada Hotel Convention Hall sebuah hunian yang berlokasi di Mataram. Suasana ruangan yang bersih dan nyaman, cocok bagi Anda yang akan berlibur atau mengadakan kunjungan bisnis. Lokasi yang strategis sehingga mudah untuk diakses, dan harga yang terjangkau bisa menjadi pilihan akomodasi perjalanan Anda.
74;Akomodasi Yang Menakjubkan di Lombok.Hotel Lumi Gili Trawangan bisa menjadi pilihan akomodasi penginapan yang sangat tepat untuk Anda yang membutuhkan penginapan nyaman di Gili Trawangan. Lokasi yang strategis sehingga mudah untuk diakses, nikmati pelayanan terbaik ketika Anda berwisata ke Lombok dan dapatkan pengalaman menginap yang tak terlupakan bersama keluarga dan orang tercinta Anda.
75;0
76;|Ideal stay option for Family Vacations, Solo, and Business Travelers.|
77;0
78;0
79;Sebuah Hotel yang Nyaman, Lengkap, dan Terjangkau di Tengah kota MataramTerletak di tengah kota Mataram, Lombok Raya Hotel menyediakan pelayanan yang ramah dan fasilitas modern. Kami menjamin masa menginap yang menyenangkan bagi para tamu dengan layanan kami yang personal dan berbagai macam fasilitas modern yang tersedia di hotel kami.
80;0
81;0
82;0
83;0
84;0
85;0
86;Rasakan sensasi yang berbeda menginap di Seri Resort Gili Meno, Nusa Tenggara BaratTerletak tepat di pantai tropis berpasir putih di pulau Gili Meno, Seri Resort Gili Meno dibangun untuk memenuhi kebutuhan para wisatawan untuk berlibur dan jauh dari hiruk pikuk keramain. Seri Resort Gili Meno menawarkan alternatif menginap yang nyaman, romantic, lengkap dengan layanan yang profesional dan fasilitas yang modern.
87;Akomodasi yang nyaman dan modern di Lombok.Akomodasi yang tak kalah nyaman. Hotel Srikandi sebuah penginapan yang luar biasa berlokasi strategis. Pilihan yang fantastis untuk mendapatkan pengalaman yang tidak terlupakan. Nikmati layanan professional, penuh perhatian, dan ramah demi kenyamanan Anda selama menginap.
88;Sebuah Hotel yang Nyaman di Mataram.Hotel Mataram memiliki pelayanan istimewa dan fasilitas yang akan membuat pengalaman menginap Anda tidak terlupakan. Hotel ini menyediakan Wi-Fi gratis di semua kamar, TV, AC, layanan kamar 24 jam, layanan kebersihan, resepsionis yang ramah, deposit box, Wi-fi di tempat umum dan tempat parkir yang menjamin kenyamanan bagi Anda semua.
89;Penginapan yang nyaman dan tenang di Gili TrawanganWarna Beach Cottages sebuah penginapan yang berlokasi di Jalan Pantai Gili Trawangan, Gili Indah, Gili Trawangan. Suasana ruangan yang bersih dan nyaman, cocok bagi Anda yang akan berlibur atau mengadakan kunjungan. Lokasi yang strategis sehingga mudah untuk diakses, dan harga yang terjangkau bisa menjadi pilihan akomodasi perjalanan Anda.
90;0
91;0
92;Sebuah Penginapan yang Nyaman dan Terjangkau di Gili TrawanganTerletak di Gili Trawangan Lombok, Melati Cottage menyediakan pelayanan yang ramah dan fasilitas modern. Kami menjamin masa menginap yang menyenangkan bagi para tamu dengan layanan kami yang personal dan berbagai macam fasilitas modern yang tersedia di penginapan kami.
93;Akomodasi yang nyaman dan modern di Lombok.Akomodasi yang tak kalah nyaman. Citilike Hotel Lombok sebuah penginapan yang luar biasa berlokasi strategis. Pilihan yang fantastis untuk mendapatkan pengalaman yang tidak terlupakan. Nikmati layanan professional, penuh perhatian, dan ramah demi kenyamanan Anda selama menginap.
94;0
95;Pilihan akomodasi yang ideal untuk Pasangan, Backpacker dan Liburan Keluarga.The Kayana Beach Lombok sebuah hunian yang nyaman dan bersih. Beragam fasilitas disediakan guna menunjang kenyamanan menginap para tamu. Lokasi strategis sehingga mudah untuk diakses, dan harga yang terjangkau bisa menjadi pilihan akomodasi perjalanan Anda.
96;Pilihan akomodasi yang ideal untuk Pasangan, Backpacker dan Liburan Keluarga.Mustika Ocean Lodge sebuah hunian yang berlokasi di Lombok. Suasana ruangan yang bersih dan nyaman, cocok bagi Anda yang akan berlibur atau mengadakan kunjungan bisnis. Lokasi yang strategis sehingga mudah untuk diakses, dan harga yang terjangkau bisa menjadi pilihan akomodasi perjalanan Anda.
97;0
98;Penginapan yang Tenang dan Nyaman di Kuta Lombok.Puri Rinjani Bungalows adalah sebuah hunian yang berlokasi di Kuta Mandalika, Lombok Tengah. Suasana ruangan yang bersih dan nyaman, cocok bagi Anda yang akan berlibur atau mengadakan kunjungan bisnis. Lokasi yang strategis sehingga mudah untuk diakses dan harga yang terjangkau bisa menjadi pilihan akomodasi perjalanan Anda.
99;0
100;0
101;Penginapan Yang Tenang Dan Nyaman di Lombok.Qunci Villas Hotel sebuah hunian yang berlokasi di Senggigi. Suasana ruangan yang bersih dan nyaman, cocok bagi Anda yang akan berlibur atau mengadakan kunjungan bisnis. Lokasi yang strategis sehingga mudah untuk diakses, dan harga yang terjangkau bisa menjadi pilihan akomodasi perjalanan Anda.
102;0
103;Akomodasi modern, nyaman, dan berada di pusat keramaian di Gili TrawanganMarc Hotel Gili Trawangan menghadirkan kenyamanan menginap saat anda dan keluarga mengunjungi Gili Trawangan karena letaknya sangat strategis serta memberikan pengalaman liburan yang unik bagi setiap wisatawan, tidak membutuhkan transportasi Cidomo dari pelabuhan karena lokasi Hotel hanya 5 menit jalan kaki dari pelabuhan.
104;0
105;Akomodasi yang nyaman dan modern di Lombok.Akomodasi yang tak kalah nyaman dan terjangkau. Krisna Homestay sebuah penginapan yang luar biasa berlokasi strategis. Pilihan yang fantastis untuk mendapatkan pengalaman yang tidak terlupakan. Nikmati layanan professional, penuh perhatian, dan ramah demi kenyamanan Anda selama menginap.
106;Selamat datang di Rajavilla Lombok ResortTerletak di daerah Senggigi yang terkenal, resor ini menikmati pemandangan menakjubkan menghadap ke laut dan Selat Lombok. Villa terdiri dari 51 kamar. Semua bangunan dirancang dengan cirikhas Rajavilla dan menawarkan pemandangan laut yang memukau. Setiap kamr dilengkapi dengan tempat tidur berukuran besar, TV LED, WiFi.
107;Penginapan Yang Tenang Dan Nyaman di Lombok.Rinjani Garden sebuah hunian yang berlokasi di Sembalun Lawang. Suasana ruangan yang bersih dan nyaman, cocok bagi Anda yang akan berlibur atau mengadakan kunjungan bisnis. Lokasi yang strategis sehingga mudah untuk diakses, dan harga yang terjangkau bisa menjadi pilihan akomodasi perjalanan Anda.
108;|Cozy Bungalows adalah salah satu pilihan tempat menginap terbaik selama liburan di pulau Gili Trawangan. Properti ini cukup nyaman. Berjarak sekitar 3 menit berjalan kaki ke tempat snorkeling pantai dan hanya 10 menit berjalan kaki dari pelabuhan. Pusat perbelanjaan, restoran, kafe dan pub dicapai dengan berjalan kaki sekitar 5 sampai 15 menit berjalan kaki. Setiap bungalow dilengkapi dengan AC, WiFi gratis, air panas, private bathroom, teras pribadi, kelambu, dan pemandangan taman.|
109;Akomodasi modern yang nyaman dan tenang.Wisma Dhana berada di Jalan Pahlawan Nomor 10 Praya. Mudah di Jangkau dan sangat dekat dengan Bandar Udara Internasional Lombok yaitu sekitar 20 menit perjalan serta berdekatan dengan Kampus STPDN Lombok. Bagi anda yang ingin mencari penginapan murah silakan kunjungi penginapan kami Wisma Dhana yang termurah di Kota Lombok Tengah.
110;Gaya musim panas-liburan di Pulau Gili Meno – Lombok Les Villas Ottalia Gili Meno menyediakan satu dan bungalow 2 kamar tidur di desain untuk relaksasi yang optimal. Setiap unit diliputi di dalam taman berdinding bambu senyawa dengan kolam renang dan lounging Pavillion sendiri. Semua vila dilengkapi dengan AC, TV satelit, Kamar mandi en suite, Kolam renang pribadi dan koneksi Wi-Fi gratis
111;Hotel Vila Ombak adalah hotel internasional pertama di pulau tropis dari Gili Trawangan.Tempat yang mengkombinasikan kenyamanan mewah dengan keindahan alam disekitarnya. Hotel Vila Ombak bergaya tradisional bangunan Lombok dengan pulau-pulau disekitarnya yang berpadu secara harmonis. Anda dapat pula menikmati kolam renang luas bertingkat tiga yang meliputi kolam renang air laut, musik Jacuzzi,dan pulau buatan di tengah kolam serta air terjun buatan.
112;Penginapan tenang dan nyaman di Gili, LombokMenghadapi tempat matahari terbenam terbaik di pulau dimana alami tradisional Lumbung suite, Deluxe suite dan kamar Deluxe, 48 total untuk kenyamanan Anda. Resor elegan ini dinamai dengan ikan Mola Mola, yang membawa keberuntungan dan nasib untuk orang-orang yang bertemu sambil menyelam. Untuk itu, kami berharap banyak nasib Anda ketika langkah-langkah dalam resor kami.
113;Penginapan Modern yang nyaman dan tenang.Hotel Zaitun Selaparang sebuah penginapan yang berlokasi di Jalan Jaksa No. 15 C, Menteng, Kebon Sirih, Jakarta. Suasana ruangan yang bersih dan nyaman, cocok bagi Anda yang akan berlibur. Lokasi yang strategis sehingga mudah untuk diakses, dan harga yang terjangkau bisa menjadi pilihan akomodasi perjalanan Anda.
114;Sebuah Hotel yang Nyaman, Lengkap, dan Terjangkau di Gili Air, LombokTerletak di Pulau Gili Air yang indah, Villa Karang Hotel & Restaurant menyediakan pelayanan yang ramah dan fasilitas modern. Kami menjamin masa menginap yang menyenangkan bagi para tamu dengan layanan kami yang personal dan berbagai macam fasilitas modern yang tersedia di hotel kami.
115;|Aira Homestay RedPartner|
116;Pilihan akomodasi yang ideal untuk Pasangan, Backpacker dan Liburan Keluarga.Kaleydo Hotel sebuah hunian yang nyaman dan bersih. Beragam fasilitas disediakan guna menunjang kenyamanan menginap para tamu. Lokasi strategis sehingga mudah untuk diakses, dan harga yang terjangkau bisa menjadi pilihan akomodasi perjalanan Anda.
117;|Located at mount Rinjani trekking trail. Five to ten minutes walk from Taman National Gunung Rinjani (ticket office) and clinic where to have health check up before climbing Rinjani. From the yard we can see that we are surrounded by hills and mount Rinjani. The view, nature sound, and the atmosphere can pamper your mind and soul. Some of our regulars said we came here to forget our debt and problem.|
118;Penginapan Yang Tenang Dan Nyaman di Gili Air.Kayun Bungalow sebuah hunian yang berlokasi di Gili Air. Suasana ruangan yang bersih dan nyaman, cocok bagi Anda yang akan berlibur atau mengadakan kunjungan bisnis. Lokasi yang strategis sehingga mudah untuk diakses, dan harga yang terjangkau bisa menjadi pilihan akomodasi perjalanan Anda.
119;Pilihan akomodasi yang ideal untuk Pasangan, Backpacker dan Liburan Keluarga.Gipsy Beach Bungalow sebuah hunian yang berlokasi di Lombok. Suasana ruangan yang bersih dan nyaman, cocok bagi Anda yang akan berlibur atau mengadakan kunjungan bisnis. Lokasi yang strategis sehingga mudah untuk diakses, dan harga yang terjangkau bisa menjadi pilihan akomodasi perjalanan Anda.
120;Penginapan tenang dan nyaman di LombokSebuah hunian yang nyaman, bersih, dan desain yang mewah. Samata Village, Gili Air menawarkan pelayanan yang istimewa dan fasilitas yang akan membuat pengalaman menginap Anda tidak terlupakan, seperti Wi-Fi gratis di semua kamar, TV, AC, kolam renang, layanan kebersihan, resepsionis yang ramah, serta beberapa fasilitas yang lainnya.
121;Sebuah pribadi, mewah empat kamar tidur retret di pulau yang menakjubkan dari Gili Gede, South-West Vila berada di puncak bukit dengan pemandangan laut, pegunungan. Ada kolam renang tanpa batas 18 meter dan pantai pribadi. Villa ini sangat luas dan nyaman sehingga cocok untuk liburan bersama keluarga atau teman atau pasangan bulan madu. Anda hanya membayar untuk kamar tidur yang Anda gunakan. Setiap pemesanan memiliki villa secara eksklusif - tidak ada tamu lain.
122;Nirvana Gili Sudak adalah sebuah resort sederhana yang sangat eksotis di Lombok.Nirvana Gili Sudak adalah sebuah resort sederhana yang dilengkapi sejumlah fasilitas yang nyaman dan memiliki pemandangan pantai pasir putih sepanjang 200meter yang menghadap Matahari Terbit , dimana masing-masing hamparan pantainya memiliki karakter unik yang khas, yaitu tempat snorkeling dan tempat melakukan aktivitas wisata bahari yang menyenangkan.
123;|Jelajah Desa is a collaborative program between KEMENPAREKRAF and RedDoorz to promote tourism as well as empower communities in various tourist villages in Indonesia.|||
124;Penginapan yang nyaman dan tenang.Properti ini berjarak 5 menit berjalan kaki dari pantai. Menampilkan pemandangan laut, Villa K Lombok adalah vila terpisah yang berjarak 7 km dari Selong Belanak. Unit ber-AC ini berjarak 31 km dari Mataram.
125;Pilihan akomodasi yang ideal untuk Pasangan, Backpacker dan Liburan Keluarga.Island Beach Bungalow sebuah hunian yang berlokasi di Lombok. Suasana ruangan yang bersih dan nyaman, cocok bagi Anda yang akan berlibur atau mengadakan kunjungan bisnis. Lokasi yang strategis sehingga mudah untuk diakses, dan harga yang terjangkau bisa menjadi pilihan akomodasi perjalanan Anda.
126;|OYO 91210 Hotel J3 berada di Praya.|Lokasi hotel sangat strategis karena hanya berjarak 10,44 km dengan Bandar Udara Internasional Lombok (LOP).|Terdapat beberapa tempat menarik di sekitarnya, seperti Pantai Kertasari yang berjarak sekitar 49,43 km dan Tears of Angel – Tanjung Poki berjarak sekitar 35,05 km.|
127;Penginapan Yang Tenang Dan Nyaman di Nusa Tenggara BaratPenginapan di tepi pantai ini, setiap kamar dilengkapi dengan teras, lemari pakaian dan area tempat duduk. Kamar mandi pribadi juga dilengkapi dengan shower. Para tamu dapat menikmati pemandangan laut dari ruangan. Krisna Restaurant terletak di situs menyajikan makanan Indonesia, layanan kamar juga tersedia. Fasilitas Barbeque tersedia berdasarkan permintaan.
128;Akomodasi yang nyaman dan modern di Lombok.Akomodasi yang tak kalah nyaman dan terjangkau. Colour Cottages sebuah penginapan yang luar biasa berlokasi strategis. Pilihan yang fantastis untuk mendapatkan pengalaman yang tidak terlupakan. Nikmati layanan professional, penuh perhatian, dan ramah demi kenyamanan Anda selama menginap.
129;Pilihan akomodasi ideal untuk Wisatawan, dan Liburan Keluarga.Terletak di Senggigi, 400 meter dari Pantai Senggigi, Senggigi Cottages Lombok menawarkan teras dan pemandangan taman. Wi-Fi gratis tersedia di seluruh properti dan parkir tersedia di lokasi. Kamar-kamar dilengkapi dengan TV layar datar dengan saluran satelit. Teras atau balkon terdapat di kamar-kamar tertentu. Setiap kamar dilengkapi dengan kamar mandi pribadi yang dilengkapi dengan shower.
130;|Amazing Lombok Resort is located in Selong Belanak - Serangan, an authentic village in the south of Lombok.|You will find all you need to enjoy a complete holiday : beautiful rooms with all amenities, great food, a sunny pool, boardgames, peace & quiet ...  Serangan Beach is at walking distance (1km), Selong Belanak Beach is a 7min drive. Surrounding hills are green all year round and we are the ideal base to visit all Lombok has to offer. Welcome to Amazing Lombok Resort!|
131;Pilihan akomodasi yang ideal untuk Pasangan, Backpacker dan Liburan Keluarga.Kura Kura Resort sebuah hunian yang berlokasi di Gili Meno. Suasana ruangan yang bersih dan nyaman, cocok bagi Anda yang akan berlibur. Lokasi yang strategis sehingga mudah untuk diakses, dan harga yang terjangkau bisa menjadi pilihan akomodasi perjalanan Anda.
132;Penginapan Yang Tenang Dan Nyaman di Senggigi, Lombok.Sebuah hunian yang nyaman, bersih, dan desain yang minimalis. Pesona Bulan Baru Hotel menawarkan pelayanan yang istimewa dan fasilitas yang akan membuat pengalaman menginap Anda tidak terlupakan, seperti Wi-Fi gratis di semua kamar, kolam renang, layanan kebersihan, resepsionis yang ramah, Wi-fi di tempat umum dan tempat parkir yang menjamin kenyamanan bagi Anda semua.
133;Akomodasi yang nyaman dan modern di Lombok.Akomodasi yang tak kalah nyaman dan terjangkau. Palm Green Homestay sebuah penginapan yang luar biasa berlokasi strategis. Pilihan yang fantastis untuk mendapatkan pengalaman yang tidak terlupakan. Nikmati layanan professional, penuh perhatian, dan ramah demi kenyamanan Anda selama menginap.
134;Akomodasi Yang Menakjubkan di Gili Trawangan.WAH Resort bisa menjadi pilihan akomodasi penginapan yang sangat tepat untuk Anda yang membutuhkan penginapan nyaman di Gili Trawangan. Lokasi yang strategis sehingga mudah untuk diakses, nikmati pantai yang indah ketika Anda berwisata ke Gili Trawangan dan dapatkan pengalaman menginap yang tak terlupakan bersama keluarga dan orang tercinta Anda.
135;A Boutique Beach Resort & SpaCocotinos Sekotong, sebuah resort dan spa tepi pantai, terletak di tengah perkebunan kelapa di Teluk Sekotong di sudut barat daya Pulau Lombok. Di hadapan resor terdapat pantai berpasir putih yang membentang lebih dari 300 m. Cocotinos Sekotong dirancang seperti Resort Cocotinos Manado, tetapi memiliki skala yang lebih mewah dan megah.
136;OYO 2450 Hening Homestay is located in the heart of the business area of MataramOYO 2450 Hening Homestay is located in the heart of the business area of Mataram which is safe, comfortable, away from the noise of city and suitable for businessman and expatriates.
137;|Ideal stay option for Family Vacations, Couples and Solo Travellers||
138;OYO 1514 Rara Inn is located in the heart of the business area of Central LombokOYO 1514 Rara Inn is located in the heart of the business area of Central Lombok which is safe, comfortable, away from the noise of city and suitable for businessman and expatriates.
139;|Penginapan yang nyaman dan tenang di Gili Trawangan.Dengan menginap di Villa Sahabat di kota Gili Trawanga, Anda akan berada hanya 5 menit dengan berkendara dari Pelabuhan Gili Trawangan dan loket tiket pelabuhan umum. Vila ini berada 0,5 mil (0,8 km) dari Bukit Gili Trawangan.|
140;Penginapan yang tenang dan nyaman.Meno Smile Cottages merupakan akomodasi rekomendasi untuk Anda, seorang backpacker yang tak hanya mengutamakan bujet, tapi juga kenyamanan saat beristirahat setelah menempuh petualangan seharian penuh. Suasana ruangan yang bersih dan nyaman, cocok bagi Anda yang akan berlibur
141;OYO 1837 Telone Bungalow is located in the heart of the business area of Kabupaten Lombok Timurwhich is safe, comfortable, away from the noise of city and suitable for businessman and expatriates.
142;Jivana Resort adalah resor butik mewah baru, terletak dekat dengan jantung Kuta Lombok.Oasis ketenangan dengan taman tropis dan kolam koi, Jivana Resort Kuta menawarkan kolam terbesar di lombok. Berjarak 250 meter dari jalan utama kuta yang memiliki banyak restoran, kafe dan hanya beberapa menit dengan mobil, motor, sepeda ke pantai pasir putih Kuta yang indah.  Menawarkan keamanan 24 jam, frontdesk serta layanan pratamu.
143;Pilihan akomodasi yang ideal untuk Pasangan dan Liburan Keluarga.Padanta Homestay adalah penginapan yang nyaman dan tenang berlokasi di Gili Trawangan. Lokasi strategis sehingga mudah untuk diakses. Kami menyediakan layanan yang ramah dan menyenangkan serta fasilitas memadai. Lingkungan aman, bersih dan tenang sehingga selama menginap terasa menyenangkan.
144;"Ideal stay option for Family Vacations, Couples and Solo TravellersPaer Doe Homestay is one of the hotels in Lombok Timur that is equipped with various facilities to support comfort, such as; non-smoking rooms, Wifi, 24-hour front desk, mineral water, and toiletries."
145;Penginapan yang nyaman dan tenang di Kuta Lombok.Kuta Circle Homestay indah, damai dan terletak hanya beberapa menit berjalan kaki dari desa dan pantai Kuta. Kami menawarkan semua fasilitas yang diperlukan untuk memastikan Anda menikmati masa tinggal Anda. Properti ini juga dinilai memiliki nilai terbaik di Kuta Lombok! Para tamu mendapatkan lebih banyak untuk uang mereka jika dibandingkan dengan properti lainnya di kota ini.
146;|RedDoorz @ Ampenan Mataram Lombok|
147;Pilihan akomodasi yang ideal untuk Pasangan, Backpacker dan Liburan Keluarga.Lumbung Cotage 1 sebuah hunian yang berlokasi di Gili Trawangan. Suasana ruangan yang bersih dan nyaman, cocok bagi Anda yang akan berlibur atau mengadakan kunjungan bisnis. Lokasi yang strategis sehingga mudah untuk diakses, dan harga yang terjangkau bisa menjadi pilihan akomodasi perjalanan Anda.
148;Penginapan tenang dan nyaman di LombokVilla Nero sebuah hunian yang berlokasi di Lombok. Suasana ruangan yang bersih dan nyaman, cocok bagi Anda yang akan berlibur atau mengadakan kunjungan bisnis. Lokasi yang strategis sehingga mudah untuk diakses, dan harga yang terjangkau bisa menjadi pilihan akomodasi perjalanan Anda.
149;Wujud Keindahan Lombok Yang SebenarnyaHotel Tugu Lombok terletak menakjubkan tepat didepan Sire Beach, Menghadap ke laut dan Gunung Rinjani, dan disebelah lapangan golf 18-hole. Hotel ini menawarkan 19 kamar berukuran luas dan diperlengkapi dengan baik. Masing-masing kamar hadir dengan TV layar datar, Minibar dan Kamar Mandi pribadi dengan Bathtub dan Shower. 2 Kolam renang dengan air yang segar juga tersedia.
150;Penginapan Yang Tenang Dan Nyaman di Lombok.Mangsit Suite By Holiday Resort Lombok sebuah hunian yang berlokasi di Senggigi. Suasana ruangan yang bersih dan nyaman, cocok bagi Anda yang akan berlibur atau mengadakan kunjungan bisnis. Lokasi yang strategis sehingga mudah untuk diakses, dan harga yang terjangkau bisa menjadi pilihan akomodasi perjalanan Anda.
151;Penginapan Yang Tenang Dan Nyaman di Gili Trawangan.Pondok Wildan Bungalow menyediakan kamar-kamar yang menawarkan pemandangan taman. Akomodasi ini memiliki sebuah Bar dan Restoran yang menghadap ke laut. Aktifitas menyelam dan snorkeling dapat diatur di pondok dan Free WiFi.
152;Penginapan Yang Tenang Dan Nyaman di Lombok.Villa Tiara sebuah hunian yang berlokasi di Senggigi. Suasana ruangan yang bersih dan nyaman, cocok bagi Anda yang akan berlibur atau mengadakan kunjungan bisnis. Lokasi yang strategis sehingga mudah untuk diakses, dan harga yang terjangkau bisa menjadi pilihan akomodasi perjalanan Anda.
153;Akomodasi yang nyaman dan modern di Lombok.Akomodasi yang tak kalah nyaman dan terjangkau. Tetebatu Indah Homestay sebuah penginapan yang luar biasa berlokasi strategis. Pilihan yang fantastis untuk mendapatkan pengalaman yang tidak terlupakan. Nikmati layanan professional, penuh perhatian, dan ramah demi kenyamanan Anda selama menginap.
154;Pilihan akomodasi yang ideal untuk Pasangan dan Liburan Keluarga.Segara Anak sebuah penginapan yang berlokasi di Kuta, Lombok. Suasana yang sejuk serta ruangan yang bersih dan nyaman, cocok bagi Anda yang akan berlibur bersama keluarga atau pasangan. Lokasi yang strategis sehingga mudah untuk diakses, dan harga yang terjangkau bisa menjadi pilihan akomodasi perjalanan Anda.
155;Akomodasi yang nyaman dan modern di Lombok.Akomodasi yang tak kalah nyaman. Senang Private Villas sebuah penginapan yang luar biasa berlokasi strategis. Pilihan yang fantastis untuk mendapatkan pengalaman yang tidak terlupakan. Nikmati layanan professional, penuh perhatian, dan ramah demi kenyamanan Anda selama menginap.
156;Penginapan Yang Tenang Dan Nyaman di Gili Trawangan.Sebuah hunian yang nyaman, bersih, dan desain yang minimalis. Gili Bagaz Cottages menawarkan pelayanan yang istimewa dan fasilitas yang akan membuat pengalaman menginap Anda tidak terlupakan, seperti Wi-Fi gratis di semua kamar, TV, AC, kolam renang, restoran, layanan kebersihan, resepsionis yang ramah, Wi-fi di tempat umum dan tempat parkir yang menjamin kenyamanan bagi Anda semua.
157;Penginapan tenang dan nyaman di LombokDeKa Homestay merupakan sebuah penginapan yang berlokasi di Lombok. Suasana ruangan yang bersih dan rapi serta fasilitas yang cukup memadai. Cocok bagi Anda yang akan berlibur atau kunjungan bisnis ke Lombok. Harga yang ekonomis bisa menjadi pilihan bagi Anda ketika Anda berlibur.
158;Pilihan akomodasi yang ideal untuk Pasangan, Backpacker dan Liburan Keluarga.Harmony Villas Lombok sebuah hunian yang berlokasi di Harmony Villas Lombok. Suasana ruangan yang bersih dan nyaman, cocok bagi Anda yang akan berlibur atau mengadakan kunjungan bisnis. Lokasi yang strategis sehingga mudah untuk diakses, dan harga yang terjangkau bisa menjadi pilihan akomodasi perjalanan Anda.
159;Ideal stay option for Family Vacations, Couples and Solo TravellersThe rooms are designed for your comfort during your stay. Equipped with facilities such as air conditioning, TV and others.
160;Penginapan Yang Tenang Dan Nyaman di Lombok.Pilihan akomodasi yang tepat ketika mengunjungi Lombok. Fasilitas dan pelayanan yang ditawarkan oleh The Gate Rinjani dijamin akan memuaskan anda. Penginapan yang nyaman bagi para wisatawan yang menginginkan kenikmatan yang maksimal disaat berlibur atau bersantai dengan keluarga, teman-teman atau pasangan anda.
161;|Ideal stay option for Family Vacations, Solo, and Business Travellers.|Bagi Tamu Yang Datang Berpasangan Harus Menunjukkan Identitas Menikah.|
162;Pilihan akomodasi ideal untuk Wisatawan dan Liburan Keluarga.Dream Estate Resort memiliki sebuah kolam renang outdoor dan parkir gratis untuk Anda. Resor ini menawarkan Wi-Fi gratis dan akomodasi lengkap yang mencakup layanan tata graha harian. Seluruh unit bungalow dilengkapi dengan TV layar datar dan pemutar DVD. Dream Estate Resort berjarak 2 km dari Kota Senggigi. Mataram berjarak 18 km dari hotel.
163;Penginapan Yang Tenang Dan Nyaman di Lombok.The Jungle Villas sebuah penginapan yang berlokasi di Jalan Wisata Alam, Senggigi, Lombok. Suasana ruangan yang bersih dan nyaman, cocok bagi Anda yang akan berlibur bersama keluarga atau teman. Lokasi yang strategis sehingga mudah untuk diakses, dan harga yang terjangkau bisa menjadi pilihan akomodasi perjalanan Anda.
164;Akomodasi yang nyaman dan modern di Lombok.Akomodasi yang tak kalah nyaman. Pelangi Cottages and Bar sebuah penginapan yang luar biasa berlokasi strategis. Pilihan yang fantastis untuk mendapatkan pengalaman yang tidak terlupakan. Nikmati layanan professional, penuh perhatian, dan ramah demi kenyamanan Anda selama menginap.
165;"Ideal stay option for Family Vacations, Couples and Solo TravellersBale Eja Syariah is one of the hotels in West Lombok that is equipped with various facilities to support comfort, such as; non-smoking rooms, Wifi, LED TV, 24-hour front desk, mineral water, toiletries, and parking area.Couples required to present their Marital ID upon check-in."
166;Akomodasi yang nyaman dan modern di Lombok.Akomodasi yang tak kalah nyaman. Apalagi Villas sebuah penginapan yang luar biasa berlokasi strategis. Pilihan yang fantastis untuk mendapatkan pengalaman yang tidak terlupakan. Nikmati layanan professional, penuh perhatian, dan ramah demi kenyamanan Anda selama menginap.
167;Sebuah Hotel yang Nyaman, Lengkap, dan Terjangkau di Pantai Senggigi, Lombok UtaraTerletak di Pantai Senggigi yang indah, Killa Senggigi Beach Lombok menyediakan pelayanan yang ramah dan fasilitas modern. Kami menjamin masa menginap yang menyenangkan bagi para tamu dengan layanan kami yang personal dan berbagai macam fasilitas modern yang tersedia di hotel kami.
168;Penginapan Yang Tenang Dan Nyaman di Mataram.Dewi Sri Guest House sebuah penginapan yang berlokasi di Monjok Timur, Selaparang, Mataram. Suasana ruangan yang bersih dan nyaman, cocok bagi Anda yang akan berlibur bersama keluarga atau teman. Lokasi yang strategis sehingga mudah untuk diakses, dan harga yang terjangkau bisa menjadi pilihan akomodasi perjalanan Anda.
169;Pilihan akomodasi yang ideal untuk Pasangan, Backpacker dan Liburan Keluarga.The Pondok sebuah hunian yang berlokasi di Kuta Lombok. Suasana ruangan yang bersih dan nyaman, cocok bagi Anda yang akan berlibur atau mengadakan kunjungan bisnis. Lokasi yang strategis sehingga mudah untuk diakses, dan harga yang terjangkau bisa menjadi pilihan akomodasi perjalanan Anda.
170;Akomodasi yang nyaman dan modern di Lombok.Hotel yang tak kalah nyaman dan terjangkau. Pakuna Beach Hotel sebuah penginapan yang luar biasa berlokasi strategis. Pilihan yang fantastis untuk mendapatkan pengalaman yang tidak terlupakan. Nikmati layanan professional, penuh perhatian, dan ramah demi kenyamanan Anda selama menginap.
171;Tempat Tinggal Sempurna untuk Liburan Anda ke LombokTerletak di lingkungan yang tenang dan santai di Lombok, Sudamala Resort, Senggigi menawarkan 35 kamar bergaya modern. Setiap kamar memiliki balkon pribadi dan beberapa di antaranya memiliki kamar mandi outdoor. Untuk tamu yang menyenangkan, Sudamala menyediakan sebuah kolam renang dan berbagai masakan tradisional.
172;Akomodasi Yang Menakjubkan di Bali.PinkCoco Gili Trawangan bisa menjadi pilihan akomodasi penginapan yang sangat tepat untuk Anda yang membutuhkan penginapan nyaman di Gili Trawangan. Lokasi yang strategis sehingga mudah untuk diakses, nikmati pelayanan terbaik ketika Anda berwisata ke PinkCoco Gili Trawangan dan dapatkan pengalaman menginap yang tak terlupakan bersama keluarga dan orang tercinta Anda.
173;Akomodasi yang nyaman dan modern di Lombok.Akomodasi yang tak kalah nyaman dan terjangkau. Inlight Lombok sebuah penginapan yang luar biasa berlokasi strategis. Pilihan yang fantastis untuk mendapatkan pengalaman yang tidak terlupakan. Nikmati layanan professional, penuh perhatian, dan ramah demi kenyamanan Anda selama menginap.
174;|All rooms are equipped with comfortable beds, wifi, air conditioning, TV, a hygiene bathroom, and high-quality and modern furnishings.|
175;|Truntum Boutique Mandalika|
176;|The Secret Garden Village Mandalika|
177;Sebuah Resort yang Nyaman,tanang, aman Lengkap, dan Terjangkau di LombokTerletak di pantai Senggigi, Joje bungalow menawarkan semua jenis wisatawan dan para tamu dengan layanan yang luar biasa dan berbagai fasilitas. Kami akan memastikan bahwa Anda tetap akan menjadi senyaman mungkin dengan pelayanan pribadi dan berbagai fasilitas modern dan kenyamanan.
178;Akomodasi Yang Menakjubkan di Gili Escape BungalowsSebuah hunian yang nyaman, bersih, dan desain yang mewah. Gili Escape Bungalows menawarkan pelayanan yang istimewa dan fasilitas yang akan membuat pengalaman menginap Anda tidak terlupakan, seperti Wi-Fi gratis di semua kamar, TV, AC, kulkas, layanan kebersihan, resepsionis yang ramah, Wi-fi di tempat umum, serta beberapa fasilitas yang lainnya.
179;Pilihan akomodasi yang ideal untuk Pasangan, Backpacker dan Liburan Keluarga.Pratama Hotel and Convention hunian yang bersih dan nyaman tidak harus menguras isi kantong, cocok bagi Anda yang akan berlibur atau mengadakan kunjungan bisnis. Lokasi yang strategis sehingga mudah untuk diakses dengan fasilitas yang akan membuat pengalaman menginap Anda tidak terlupakan.
180;|All rooms are equipped with comfortable beds, wifi, TV, a hygiene bathroom, and high-quality and modern furnishings|
181;|All rooms are equipped with comfortable beds, wifi, air conditioning, TV, a hygiene bathroom, and high-quality and modern furnishings.|
182;OYO 2284 Grand Villa Meninting is located in the heart of the business area of LombokOYO 2284 Grand Villa Meninting is located in the heart of the business area of Lombok which is safe, comfortable, away from the noise of city and suitable for businessman and expatriates.
183;|All rooms are equipped with comfortable beds, wifi, TV, a hygiene bathroom, and high-quality and modern furnishings.|
184;Penginapan nyaman menawarkan sebuah ketenangan tersembunyi di jantung desa Gili AirTerletak di jantung desa Gili Air, setiap dari 6 kamar terbuka ke kolam renang bentuk bebas yang dibangun di sekitar pohon-pohon rindang Mangga dan akses WiFi gratis di seluruh area properti. Dibutuhkan sekitar 5 menit berjalan kaki dari properti ke pelabuhan Gili Air. Menuju Bandara Internasional Lombok dapat di tempuh sekitar 30 menit dengan perahu ke Pelabuhan Bangsal dan 2 jam menuju bandara.
185;|All rooms are equipped with comfortable beds, wifi,  TV, a hygiene bathroom, and high-quality and modern furnishings|
186;Akomodasi yang nyaman dan modern di Gili Trawangan.Akomodasi yang tak kalah nyaman. La Cocoteraie Ecolodge sebuah penginapan yang luar biasa berlokasi strategis. Pilihan yang fantastis untuk mendapatkan pengalaman yang tidak terlupakan. Nikmati layanan professional, penuh perhatian, dan ramah demi kenyamanan Anda selama menginap.
187;Penginapan Yang Tenang Dan Nyaman di Lombok.Sikara Lombok Hotel sebuah hunian yang berlokasi di Kuta Lombok. Suasana ruangan yang bersih dan nyaman, cocok bagi Anda yang akan berlibur atau mengadakan kunjungan bisnis. Lokasi yang strategis sehingga mudah untuk diakses, dan harga yang terjangkau bisa menjadi pilihan akomodasi perjalanan Anda.
188;Penginapan Yang Tenang Dan Nyaman di Lombok Utara.Pera ONE Villas adalah penginapan yang nyaman dan tenang berlokasi di Gili Trawangan, Lombok Utara. Lokasi strategis sehingga mudah untuk diakses. Kami menyediakan layanan yang ramah dan menyenangkan serta fasilitas memadai. Lingkungan aman, bersih dan tenang sehingga selama menginap terasa menyenangkan.
189;Kemewahan dan Ketenangan yang Terjangkau di LombokDekat dengan Pantai Sengigi, Puri Bunga Beach Cottages terletak di luar biasa bintang-beach cottages yang memiliki berbagai Standard, Deluxe dan Suite cottages, sebuah bar dan Restoran, Kolam Renang, WiFi dan fasilitas lainnya. Semua kamar dilengkapi dengan standar yang mewah, ber-AC, memiliki air panas, mini bar, televisi, telepon dan fasilitas membuat kopi.
190;|All rooms are equipped with comfortable beds, wifi, air conditioning, TV, a hygiene bathroom, and high-quality and modern furnishings.|
191;"Ideal stay option for Family Vacations, Couples and Solo Travellers.Additional facilities available in RedDoorz Premium near Senggigi Beach are; Desk, Water Heater, Outdoor Swimming Pool, Non Smoking Room,Smoking Area, Garden, Restaurant, Room Service and 24 Hours Front Desk."
192;Resort penginapan mewah di LombokPenginapan yang berlokasi dekat dengan pantai senggigi, Lombok . Didesain mewah yang didasarkan pada konsep lagion dengan akses langsung ke kolam renang dari balkon. Pool Villa Club Senggigi Lombok memiliki 16 villa pribadi yang masing-masing villa memiliki kepribadian tersendiri. Tempat yang cocok untuk liburan bersama keluarga, pasangan muda dan lain-lain.
193;|All rooms are equipped with comfortable beds, wifi, TV, a hygiene bathroom, and high-quality and modern furnishings.|
194;Pilihan akomodasi yang ideal untuk Pasangan, Backpacker dan Liburan Keluarga.Rara Villas Lombok sebuah hunian yang berlokasi di Lombok. Suasana ruangan yang bersih dan nyaman, cocok bagi Anda yang akan berlibur atau mengadakan kunjungan bisnis. Lokasi yang strategis sehingga mudah untuk diakses, dan harga yang terjangkau bisa menjadi pilihan akomodasi perjalanan Anda.
195;|Lombok Sunset Bay Resort Menawarkan akomodasi dengan kolam renang luar ruangan , restoran dan taman di sekotong||Akomodasi ini menawarkan balkon, AC dan kamar mandi pribadi dengan shower||Anda dapat menikmati sarapan kontinental di rumah liburan ini||Area pantai pribadi dapat di temukan di lombok sunset Bay resort bersama dengan terrace|Pantai sekotong berjarak 100 meter dari akomodasi sedangkan pantai Elak elak berjarak 1,1km7|
196;Akomodasi yang nyaman dan modern di Lombok.Akomodasi yang tak kalah nyaman. Sunsethouse Lombok sebuah penginapan yang luar biasa berlokasi strategis. Pilihan yang fantastis untuk mendapatkan pengalaman yang tidak terlupakan. Nikmati layanan professional, penuh perhatian, dan ramah demi kenyamanan Anda selama menginap.
197;Akomodasi yang nyaman dan modern di Lombok.Akomodasi yang tak kalah nyaman. Jeeva Santai Villas sebuah penginapan yang luar biasa berlokasi strategis. Pilihan yang fantastis untuk mendapatkan pengalaman yang tidak terlupakan. Nikmati layanan professional, penuh perhatian, dan ramah demi kenyamanan Anda selama menginap.
198;Penginapan Yang Tenang Dan Nyaman di Senggigi.Blue Coral Inn sebuah hunian yang berlokasi di Senggigi, Lombok. Suasana ruangan yang bersih dan nyaman, cocok bagi Anda yang akan berlibur atau mengadakan kunjungan bisnis. Lokasi yang strategis sehingga mudah untuk diakses, dan harga yang terjangkau bisa menjadi pilihan akomodasi perjalanan Anda.
199;OYO 1206 Lombok Guest House is located in the heart of the business area of LombokOYO 1206 Lombok Guest House is located in the heart of the business area of Lombok Which is safe, comfortable, away from the noise of city and suitable for businessman and expatriates.
200;Penginapan tenang dan nyaman di LombokSebuah hunian yang nyaman, bersih, dan desain yang minimalis. Panda Hostel Lombok menawarkan pelayanan yang istimewa dan fasilitas yang akan membuat pengalaman menginap Anda tidak terlupakan, seperti Wi-Fi gratis di semua kamar, TV, AC, restoran, layanan kebersihan, resepsionis yang ramah, Wi-fi di tempat umum, serta beberapa fasilitas yang lainnya.
201;Penginapan Yang Tenang Dan Nyaman di Lombok.Oceans 5 Dive Resort sebuah penginapan yang berlokasi di Gili Indah, Gili Air, Pemenang, Lombok. Suasana ruangan yang bersih dan nyaman, cocok bagi Anda yang akan berlibur bersama keluarga atau teman. Lokasi yang strategis sehingga mudah untuk diakses, dan harga yang terjangkau bisa menjadi pilihan akomodasi perjalanan Anda.
202;Penginapan yang nyaman dan tenang di Senggigi, Lombok.Indah Homestay merupakan akomodasi rekomendasi untuk Anda, seorang backpacker yang tak hanya mengutamakan bujet, tapi juga kenyamanan saat beristirahat setelah menempuh petualangan seharian penuh. Bagi Anda yang menginginkan kualitas pelayanan oke dengan harga yang ramah di kantong, Indah Homestay adalah pilihan yang tepat. Menyediakan fasilitas memadai dan pelayanan yang tetap terjaga mutunya.
203;|All rooms are equipped with comfortable beds, wifi, air conditioning, TV, a hygiene bathroom, and high-quality and modern furnishings.|
204;Akomodasi yang nyaman dan modern di LombokAkomodasi yang tak kalah nyaman dan terjangkau, Duyung Rooms and Resto sebuah penginapan yang luar biasa berlokasi strategis. Pilihan yang fantastis untuk mendapatkan pengalaman yang tidak terlupakan. Nikmati layanan professional, penuh perhatian, ramah dan intim demi kenyamanan Anda selama menginap.
205;Pilihan akomodasi ideal untuk Wisatawan dan Liburan Keluarga.Sari Gili Bungalow terletak di Gili Air dan memiliki taman serta teras. Semua kamar memiliki TV layar datar dengan saluran satelit dan kamar mandi pribadi. Wi-Fi gratis disediakan. Suasana ruangan yang bersih dan nyaman, cocok bagi Anda yang akan berlibur. Lokasi yang strategis sehingga mudah untuk diakses, dan harga yang terjangkau bisa menjadi pilihan akomodasi perjalanan Anda.
206;Pilihan akomodasi yang ideal untuk Pasangan, Backpacker dan Liburan Keluarga.Palm Tree Villas sebuah hunian yang nyaman dan bersih. Beragam fasilitas disediakan guna menunjang kenyamanan menginap para tamu. Lokasi strategis sehingga mudah untuk diakses, dan harga yang terjangkau bisa menjadi pilihan akomodasi perjalanan Anda.
207;Pilihan akomodasi yang ideal untuk Pasangan, Backpacker dan Liburan Keluarga.Roby Homestay sebuah hunian yang nyaman dan bersih. Beragam fasilitas disediakan guna menunjang kenyamanan menginap para tamu. Lokasi strategis sehingga mudah untuk diakses, dan harga yang terjangkau bisa menjadi pilihan akomodasi perjalanan Anda.
208;Pilihan akomodasi yang ideal untuk Pasangan, Backpacker dan Liburan Keluarga.Intan Inn Hostel sebuah hunian yang berlokasi di Lombok. Suasana ruangan yang bersih dan nyaman, cocok bagi Anda yang akan berlibur atau mengadakan kunjungan bisnis. Lokasi yang strategis sehingga mudah untuk diakses, dan harga yang terjangkau bisa menjadi pilihan akomodasi perjalanan Anda.
209;Grand Royal B.I.L Hotel adalah tempat ideal untuk menelusuri Lombok.Berlokasi di Praya, Lombok. Grand Royal B.I.L Hotel merupakan tempat yang sempurna untuk menikmati Lombok dan sekitarnya. Penginapan ini memiliki lokasi yang bagus dan menyediakan akses ke obyek wisata terbesar di kota ini. Dengan lokasinya yang strategis, penginapan ini menawarkan akses mudah ke destinasi yang wajib dikunjungi di kota ini.
210;Pilihan akomodasi yang ideal untuk Pasangan, Backpacker dan Liburan Keluarga.Spice Island Villa sebuah hunian yang berlokasi di Lombok. Suasana ruangan yang bersih dan nyaman, cocok bagi Anda yang akan berlibur atau mengadakan kunjungan bisnis. Lokasi yang strategis sehingga mudah untuk diakses, dan harga yang terjangkau bisa menjadi pilihan akomodasi perjalanan Anda.
211;|Ideal stay option for Family Vacations, Couples and Solo Travellers||
212;Sebuah Hotel yang Nyaman di pantai Lombok.JM Hotel Kuta Lombok adalah tempat bermalam yang tepat bagi Anda yang berlibur bersama keluarga. Fasilitas dan pelayanan yang ditawarkan oleh JM Hotel Kuta Lombok menjaminkan pengalaman menginap yang menyenangkan bagi para tamu seperti satpam 24 jam, layanan kebersihan harian, Wi-fi di tempat umum.
213;Sebuah penginapan di tepi pantai persembahan Bel Air Resort dan SpaBel Air Resort dan Spa adalah penginapan yang menawarkan keindahan pantai di Gili Air Lombok. Suasana yang tenang serta nyaman yang menjadi tujuan populer bagi wisatawan yang mencari pengalaman di pulau terpencil. Semua akomodasi tamu dilengkapi dengan fasilitas yang menjamin rasa yang tak tertandingi
214;Pilihan akomodasi ideal untuk Wisatawan dan Backpacker.Bale Sembahulun Cottages and Tend sebuah penginapan yang berlokasi di Jalan Wisata Gunung Rinjani No. 33, Lombok, Lombok Timur, Nusa Tenggara Barat,. Suasana ruangan yang bersih dan nyaman, cocok bagi Anda yang akan berlibur atau mengadakan kunjungan. Lokasi yang strategis sehingga mudah untuk diakses, dan harga yang terjangkau bisa menjadi pilihan akomodasi perjalanan Anda.
215;Penginapan di tepi pantai dan dikelilingi oleh taman tropis yang rimbun dan pemandangan sunsetTerletak di tepi pantai dan dikelilingi oleh taman tropis yang rimbun, hotel yang ramah dan tempat yang ideal untuk bersantai, menyediakan lingkungan yang tenang dengan panorama sekitar yang indah serta pemandangan sunset yang menakjubkan. Tepat di jantung kota Senggigi di pulau Lombok ini tempat yang strategis, dekat dengan Bandara Selaparang dan Pelabuhan Lembar Hanya 35 menit berkendara.
216;|Ideal stay option for Family Vacations, Couples and Solo Travellers||
217;Malimbu Cliff Villa Lombok merupakan tempat yang sempurna untuk menikmati Lombok dan sekitarnyaTerletak di Senggigi, Malimbu Cliff Villa Lombok merupakan tempat yang sempurna untuk menikmati Lombok dan sekitarnya. Dari sini, para tamu dapat menikmati akses mudah ke semua hal yang dapat ditemukan di sebuah kota yang aktif ini. Dengan lokasinya yang strategis, hotel ini menawarkan akses mudah ke destinasi yang wajib dikunjungi di kota ini
218;Villa bintang 3 tepi pantai yang nyaman dan menakjubkan.Lombok Beach Villa terletak di Melase Pantai Senggigi, menawarkan keindahan pemandangan pantai, rasakan hangatnya matahari, biru nya langit serta tenangnya suasana. Keindahan alam dari Pulau Lombok yang belum terjamah orang lain akan anda nikmati dan akan mengenang dalam pikiran anda.
219;|Gili White Bamboo Resort is located at , Gili Indah, Pemenang, the location is easy to access, located on the main road. This is an excellent property in a strategic area.A delicious breakfast will be specially prepared for You.|
220;Bungalows Yang Santai di Gili Trawangan, LombokCoral Beach Bungalows terletak di area strategis, dimana posisinya berada di pantai pasir putih dengan kamar ramah lingkungan dan taman yang indah disertai dengan kolam renang di depan kamar. Menampilkan gaya bangunan tradisional Lombok, Coral Beach Bungalows adalah tempat yang menyeimbangkan kenyamanan akomodasi dengan keindahan alam.
221;"Ideal stay option for Family Vacations, Couples and Solo TravellersPaer Doe Bungalow is one of the hotels in Lombok Timur that is equipped with various facilities to support comfort, such as; non-smoking rooms, Wifi, 24-hour front desk, mineral water, toiletries, and parking area."
222;Pilihan akomodasi ideal untuk Backpacker atau LiburanJaya Homestay terletak di Jalan Air Terjun, Tetebatu, Sikur, Lombok Timur, Lombok, Nusa Tenggara Barat. Penginapan ini memiliki lokasi yang bagus dan terletak di sekitar kaki gunung Rinjani.  Lokasi yang strategis sehingga mudah untuk diakses, dan harga yang terjangkau bisa menjadi pilihan akomodasi perjalanan Anda.
223;Hotel bisnis dan keluarga di Mataram, LombokNutana Hotel Lombok adalah pilihan akomodasi yang tepat ketika berwisata ke Mataram. Anda atau wisatawan atau sedang dalam perjalanan bisnis, terletak deakat dengan pusat kota, dan 2,1 km dari Mataram Mall. Para tamu berada di tempat strategis untuk menikmati pemandangan dan kegiatan di kota. Hotel ini menawarkan akses mudah ke destinasi yang wajib dikunjungi di kota ini.
224;Pilihan akomodasi ideal untuk Wisatawan Bisnis, Backpacker, dan Liburan Keluarga.Menampilkan sebuah teras, Lumière Hotel Gili Trawangan terletak di Gili Trawangan di wilayah Lombok, 400 m dari Pantai Timur Utara dan 400 m dari Pantai Timur Utara. Dengan WiFi gratis, hotel bintang-4 ini menawarkan meja depan 24 jam dan layanan kamar. Properti ini berjarak 700 m dari Pelabuhan Gili Trawangan dan 3,4 km dari Sunset Point.
225;Sebuah penginapan yang bersih dan nyaman bernuansa pantai di TrawanganSebuah penginapan yang bersih dan nyaman bernuansa pantai di Trawangan. Dengan fasilitas yang cukup memadai dengan kelas bintang 4, para tamu akan dimanjakan dengan suasana khas pantai tropis yang sangat indah dan romantis di Trawangan. Tentunya dengan harga yang relatif terjangkau.
226;Penginapan Yang Tenang Dan Nyaman di Lombok Tengah.Santai Homestay adalah penginapan yang nyaman dan tenang berlokasi di Pujut, Lombok Tengah. Lokasi strategis sehingga mudah untuk diakses. Kami menyediakan layanan yang ramah dan menyenangkan serta fasilitas memadai. Lingkungan aman, bersih dan tenang sehingga selama menginap terasa menyenangkan.
227;Tinggal di The Trawangan Resort adalah pilihan yang baik ketika Anda mengunjungi Gili Trawangan.Di The Trawangan Resort, setiap upaya dilakukan untuk membuat tamu merasa nyaman. Dalam hal ini, hotel menyediakan pelayanan dan fasilitas yang terbaik. Hotel ini menawarkan sejumlah fasilitas di tempat untuk memuaskan segala jenis tamu.
228;Tempat peristirahatan dan bersantai yang terbaik di LombokResort yang sekelilingi nya terdapat pohon kelapa hijau menghadap ke pulau Gili Air yang terkenal. Resort yang luas terbuat dari bambu lokal dan menggunakan teknik kontruksi tradisional. Pelayanan dari staff kami akan membuat Anda sangat nyaman beristirahat dan berlibur disini.  Standar Internasional kami terapkan dari staff kami yang bisa berbicara bahasa Inggris , Perancis maupun Indonesia.
229;Akomodasi yang nyaman dan modern di Lombok.Akomodasi yang tak kalah nyaman dan terjangkau. Guest House Rumah Lombok sebuah penginapan yang luar biasa berlokasi strategis. Pilihan yang fantastis untuk mendapatkan pengalaman yang tidak terlupakan. Nikmati layanan professional, penuh perhatian, dan ramah demi kenyamanan Anda selama menginap.
230;"Ideal stay option for Family Vacations, Couples and Solo TravellersEco Garden Resort is one of the hotels in Lombok Timur that is equipped with various facilities to support comfort, such as; non-smoking rooms, Wifi, LED TV, 24-hour front desk, mineral water, and toiletries."
231;"Hotel Mewah Satu-Satunya di Pantai KluiDisepanjang garis pantai yang melengkung nan indah, Jeeva Klui,""The Soul of Klui"" adalah perpaduan eksotis laut, dedaunan tropis, dan budaya lokal yang ditampilkan oleh keindahan alami dari Pantai Klui. Desain tradisional alami dan lingkungan tropis yang bagus menciptakan suasana mewah yang modern dan santai."
232;Akomodasi Yang Menakjubkan di Lombok.Anema Villa & Spa Gili Lombok adalah pilihan tepat bagi Anda yang ingin menghabiskan waktu dengan berbagai fasilitas mewah. Nikmati kualitas layanan terbaik dan pengalaman mengesankan selama menginap di villa ini.
233;Penginapan Yang Tenang Dan Nyaman di Lombok.Batatu Villa sebuah hunian yang berlokasi di Kuta Lombok. Suasana ruangan yang bersih dan nyaman, cocok bagi Anda yang akan berlibur atau mengadakan kunjungan bisnis. Lokasi yang strategis sehingga mudah untuk diakses, dan harga yang terjangkau bisa menjadi pilihan akomodasi perjalanan Anda.
234;Akomodasi yang nyaman dan modern di Lombok.Akomodasi yang tak kalah nyaman dan terjangkau. Salon de Nomad Gili T sebuah penginapan yang luar biasa berlokasi strategis. Pilihan yang fantastis untuk mendapatkan pengalaman yang tidak terlupakan. Nikmati layanan professional, penuh perhatian, dan ramah demi kenyamanan Anda selama menginap.
235;|All rooms are equipped with comfortable beds, wifi, air conditioning, TV, a hygiene bathroom, and high-quality and modern furnishings.|
236;Menginap di Cozy Cottages Lombok saat anda sedang berada di Batu Layar adalah sebuah pilihan cerdas.Menginap di Cozy Cottages Lombok tak hanya memberikan kemudahan untuk mengeksplorasi destinasi petualangan Anda, tapi juga menawarkan kenyamanan bagi istirahat Anda. Cozy Cottages Lombok merupakan akomodasi rekomendasi untuk Anda, seorang backpacker yang tak hanya mengutamakan bujet, tapi juga kenyamanan saat beristirahat setelah menempuh petualangan seharian penuh.
237;|All rooms are equipped with comfortable beds, wifi, TV, a hygiene bathroom, and high-quality and modern furnishings.|
238;Hotel dengan essensi nilai tradisional, mewah dan bergaya.Puri Mas Boutique Resort & Spa Lombok pada awalnya dibangun sebagai tempat tinggal keluarga pemilik. Berjalan nya waktu dan sejak dari awal berdiri kami fokus untuk memastikan tamu dapat menikmati pengalaman liburan terbaik. Puri Mas terletak hanya 2 km dari Beach Resort. Memiliki 2 kolam renang yang memiliki kedalaman lebih dari 150 km yang selalu kami jaga kebersihan dan keamanannya.
239;Penginapan Yang Tenang Dan Nyaman di Mataram.Enfaza Hotel Syariah sebuah penginapan yang berlokasi di Sekarbela, Mataram. Suasana ruangan yang bersih dan nyaman, cocok bagi Anda yang akan berlibur bersama keluarga. Lokasi yang strategis sehingga mudah untuk diakses, dan harga yang terjangkau bisa menjadi pilihan akomodasi perjalanan Anda.
240;"Ideal stay option for Family Vacations, Solo, and Business Travellers.Facilities available in RedDoorz Plus @ Raya Senggigi Lombok are; non-smoking rooms, WiFi, LED-TV, 24 hours front desk, mineral water, toiletries, swimming pool, parking area, and AC."
241;Mencari kedamaian dan ketenangan hanya di LombokThe Lakshmi Villas terletak di Pulau Gili Trawangan, adalah salah satu pilihan liburan yang paling populer di Lombok. Properti ini menawarkan vila-vila yang  baik, setiap kamar memiliki AC, kamar mandi. Paviliun utama ini terbuka pada semua sisi untuk merasakan kehidupan yang terbaik , Nikmati kolam renang sambil bersantai di lingkungan yang tenang.
242;Penginapan Yang Tenang Dan Nyaman di Kuta Lombok.T&T Homestay sebuah hunian yang berlokasi di Kuta Lombok. Suasana ruangan yang bersih dan nyaman, cocok bagi Anda yang akan berlibur atau mengadakan kunjungan bisnis. Lokasi yang strategis sehingga mudah untuk diakses, dan harga yang terjangkau bisa menjadi pilihan akomodasi perjalanan Anda.
243;"Ideal stay option for Family Vacations, Solo, and Business Travellers.Facilities available in RedDoorz near Transmart Lombok Mataram are; non-smoking rooms, 24 hours front desk, WiFi, LED-Tv, mineral water, toiletries, and parking area."
244;Akomodasi yang nyaman dan modern di Lombok.Akomodasi yang tak kalah nyaman. Mahamaya Gili Meno sebuah penginapan yang luar biasa berlokasi strategis. Pilihan yang fantastis untuk mendapatkan pengalaman yang tidak terlupakan. Nikmati layanan professional, penuh perhatian, dan ramah demi kenyamanan Anda selama menginap.
245;Pilihan akomodasi ideal untuk Wisatawan dan Liburan Keluarga.Gili Palms Resort menyediakan bungalow-bungalow ber-AC dengan fasilitas shower semi-terbuka dan teras pribadi yang menghadap taman tropis. Fasilitas yang tersedia termasuk brankas, TV satelit, dan perlengkapan mandi gratis. Lokasi yang strategis sehingga mudah untuk diakses, dan harga yang terjangkau bisa menjadi pilihan akomodasi perjalanan Anda.
246;Pilihan akomodasi ideal untuk Wisatawan Bisnis, Backpacker, dan Liburan Keluarga.Menawarkan area pantai, fasilitas barbekyu, dan taman, Mandiri Homestay terletak di pusat Senggigi. Hotel ini menyediakan meja depan 24 jam, dan menyediakan teras untuk Anda. Wi-Fi gratis tersedia. Suasana ruangan yang bersih dan nyaman, cocok bagi Anda yang akan berlibur.
247;0
248;Penginapan Yang Tenang Dan Nyaman di Lombok Barat.Tom and Jerry Villa Lombok adalah penginapan yang nyaman dan tenang berlokasi di Lombok Barat. Lokasi strategis sehingga mudah untuk diakses. Kami menyediakan layanan yang ramah dan menyenangkan serta fasilitas memadai. Lingkungan aman, bersih dan tenang sehingga selama menginap terasa menyenangkan.
249;Penginapan Yang Tenang Dan Nyaman di Gili Asahan.Matahari Villas sebuah hunian yang berlokasi di Gili Asahan. Suasana ruangan yang bersih dan nyaman, cocok bagi Anda yang akan berlibur atau mengadakan kunjungan bisnis. Lokasi yang strategis sehingga mudah untuk diakses, dan harga yang terjangkau bisa menjadi pilihan akomodasi perjalanan Anda.
250;Sebuah Villa Mewah dan Nyaman di Gili Trawangan Persembahan Gili Khayangan VillaMenawarkan fasilitas kolam renang dan taman bermain anak-anak, Gili Khayangan Villas terletak di Gili Trawangan di Kawasan Lombok, 800 meter dari Sunset Point. Para tamu dapat menikmati bar di tempat. WiFi gratis disediakan dan parkir pribadi gratis tersedia di tempat. Setiap kamar di villa ini ber-AC dan dilengkapi dengan TV. Beberapa kamar memiliki area tempat duduk untuk kenyamanan Anda.
251;Akomodasi Yang Menakjubkan di Gili, Lombok.Avia Villa Resort memiliki pelayanan istimewa dan fasilitas yang unggul akan membuat pengalaman menginap Anda tidak terlupakan. Villa ini menyediakan Wi-Fi gratis di semua kamar, TV, AC, ruangan bebas rokok, restoran, layanan kamar 24 jam, layanan kebersihan, resepsionis yang ramah, penyimpanan bagasi, Wi-fi di tempat umum dan tempat parkir yang menjamin kenyamanan bagi Anda semua.
252;OYO 1605 Puput Resort Batulayar Senggigi is located in the heart of the business area of SenggigiOYO 1605 Puput Resort Batulayar Senggigi is located in the heart of the business area of Senggigi which is safe, comfortable, away from the noise of city and suitable for businessman and expatriates.
253;Penginapan Yang Tenang Dan Nyaman di Lombok.Aldi's Bungalow sebuah hunian yang berlokasi di Kuta Lombok. Suasana ruangan yang bersih dan nyaman, cocok bagi Anda yang akan berlibur atau mengadakan kunjungan bisnis. Lokasi yang strategis sehingga mudah untuk diakses, dan harga yang terjangkau bisa menjadi pilihan akomodasi perjalanan Anda.
254;Pilihan akomodasi yang ideal untuk Pasangan, Backpacker ataupun Liburan Keluarga.Uki Village sebuah hunian yang nyaman dan bersih. Beragam fasilitas disediakan guna menunjang kenyamanan menginap para tamu. Harga yang terjangkau bisa menjadi pilihan akomodasi perjalanan Anda.
255;Penginapan Yang Tenang Dan Nyaman di Gili Trawangan.Gili Ilalang Village sebuah hunian yang berlokasi di Gili Trawangan. Suasana ruangan yang bersih dan nyaman, cocok bagi Anda yang akan berlibur atau mengadakan kunjungan bisnis. Lokasi yang strategis sehingga mudah untuk diakses, dan harga yang terjangkau bisa menjadi pilihan akomodasi perjalanan Anda.
256;Ideal stay option for Family Vacations, Couples and Solo TravellersThe rooms are designed for your comfort during your stay. Equipped with facilities such as air conditioning, TV and others
257;0
258;0
259;0
260;0
261;0
262;0
263;0
264;0
265;0
266;0
267;0
268;0
269;0
270;0
271;0
272;0
273;0
274;0
275;0
276;0
277;0
278;0
279;0
280;0
281;0
282;0
283;0
284;0
285;0
286;0
287;0
288;0
289;0
290;0
291;0
292;0
293;0
294;0
295;0
296;0
297;0
298;0
299;0
300;0
301;0
302;0
303;0
304;0
305;0
306;0
307;0
308;0
309;0
310;0
311;0
312;0
313;0
314;0
315;0
316;0
317;0
318;0
319;0
320;0
321;0
322;0
323;0
324;0
325;0
326;0
327;0
328;0
329;0
330;0
331;0
332;0
333;0
334;0
335;0
336;0
337;0
338;0
339;0
340;0
341;0
342;0
343;0
344;0
345;0
346;0
347;0
348;0
349;0
350;0
351;0
352;0
353;0
354;0
355;0
356;0
357;0
358;0
359;0
360;0
361;0
362;0
363;0
364;0
365;0
366;0
367;0
368;0
369;0
370;0
371;0
372;0
373;0
374;0
375;0
376;0
377;0
378;0
379;0
380;0
381;0
382;0
383;0
384;0
385;0
386;0
387;0
388;0
389;0
390;0
391;0
392;0
393;0
394;0
395;0
396;0
397;0
398;0
399;0
400;0
401;0
402;0